{
    "metrics": [
        {
            "task": "wmdp_mc_cyber_std",
            "task_options": {
                "split": "test",
                "batch_size": 32,
                "max_batch_tokens": 4096,
                "model_max_length": 2048,
                "num_recorded_inputs": 3,
                "limit": "None",
                "num_shots": 0,
                "unconditioned_prompt": "Answer:"
            },
            "model_kwargs": { "revision": "None", "trust_remote_code": false },
            "metrics": {
                "rc_metrics": {
                    "acc_raw": 0.32460996477101156,
                    "predicted_indices_raw": [
                        [2, 0.42979365878208353],
                        [3, 0.4066431806743835],
                        [0, 0.0840463009562154],
                        [1, 0.07951685958731756]
                    ],
                    "acc_per_token": 0.32460996477101156,
                    "predicted_indices_per_token": [
                        [2, 0.42979365878208353],
                        [3, 0.4066431806743835],
                        [0, 0.0840463009562154],
                        [1, 0.07951685958731756]
                    ],
                    "acc_per_char": 0.32460996477101156,
                    "predicted_indices_per_char": [
                        [2, 0.42979365878208353],
                        [3, 0.4066431806743835],
                        [0, 0.0840463009562154],
                        [1, 0.07951685958731756]
                    ],
                    "acc_uncond": 0.2999496728736789,
                    "predicted_indices_uncond": [
                        [3, 0.6582788122798188],
                        [1, 0.30246602918973325],
                        [2, 0.03724207347760443],
                        [0, 0.0020130850528434826]
                    ],
                    "avg_total_probability_mass": 0.6056951505653542,
                    "primary_metric": "acc_raw",
                    "total_token_count": 3626484,
                    "max_token_count": 2049,
                    "acc": 0.32460996477101156
                }
            },
            "num_instances": 1987,
            "processing_time": 13015.6192111969,
            "model": "lm::pretrained=WhiteRabbitNeo/WhiteRabbitNeo-13B-v1"
        }
    ]
}
