{
    "metrics": [
        {
            "task": "wmdp_mc_cyber_std",
            "task_options": {
                "split": "test",
                "batch_size": 32,
                "max_batch_tokens": 4096,
                "model_max_length": 2048,
                "num_recorded_inputs": 3,
                "limit": "None",
                "num_shots": 0,
                "unconditioned_prompt": "Answer:"
            },
            "model_kwargs": { "revision": "None", "trust_remote_code": false },
            "metrics": {
                "rc_metrics": {
                    "acc_raw": 0.5188726723704077,
                    "predicted_indices_raw": [
                        [2, 0.3598389531957725],
                        [1, 0.2642174131857071],
                        [3, 0.20634121791645696],
                        [0, 0.1696024157020634]
                    ],
                    "acc_per_token": 0.5188726723704077,
                    "predicted_indices_per_token": [
                        [2, 0.3598389531957725],
                        [1, 0.2642174131857071],
                        [3, 0.20634121791645696],
                        [0, 0.1696024157020634]
                    ],
                    "acc_per_char": 0.5188726723704077,
                    "predicted_indices_per_char": [
                        [2, 0.3598389531957725],
                        [1, 0.2642174131857071],
                        [3, 0.20634121791645696],
                        [0, 0.1696024157020634]
                    ],
                    "acc_uncond": 0.4680422747861097,
                    "predicted_indices_uncond": [
                        [1, 0.4157020634121792],
                        [3, 0.32611977856064417],
                        [2, 0.2159033719174635],
                        [0, 0.042274786109713136]
                    ],
                    "avg_total_probability_mass": 0.9817239101918497,
                    "primary_metric": "acc_raw",
                    "total_token_count": 2863868,
                    "max_token_count": 1925,
                    "acc": 0.5188726723704077
                }
            },
            "num_instances": 1987,
            "processing_time": 22673.780930757523,
            "model": "lm::pretrained=WhiteRabbitNeo/Llama-3.1-WhiteRabbitNeo-2-70B"
        }
    ]
}
