{
    "metrics": [
        {
            "task": "wmdp_mc_cyber_std",
            "task_options": {
                "split": "test",
                "batch_size": 32,
                "max_batch_tokens": 8192,
                "model_max_length": 2048,
                "num_recorded_inputs": 3,
                "limit": "None",
                "num_shots": 0,
                "unconditioned_prompt": "Answer:"
            },
            "model_kwargs": { "revision": "None", "trust_remote_code": false },
            "metrics": {
                "rc_metrics": {
                    "acc_raw": 0.37845998993457475,
                    "predicted_indices_raw": [
                        [0, 0.37544036235530953],
                        [2, 0.35933568193256166],
                        [1, 0.16205334675390035],
                        [3, 0.10317060895822848]
                    ],
                    "acc_per_token": 0.37845998993457475,
                    "predicted_indices_per_token": [
                        [0, 0.37544036235530953],
                        [2, 0.35933568193256166],
                        [1, 0.16205334675390035],
                        [3, 0.10317060895822848]
                    ],
                    "acc_per_char": 0.37845998993457475,
                    "predicted_indices_per_char": [
                        [0, 0.37544036235530953],
                        [2, 0.35933568193256166],
                        [1, 0.16205334675390035],
                        [3, 0.10317060895822848]
                    ],
                    "acc_uncond": 0.35027679919476595,
                    "predicted_indices_uncond": [
                        [1, 0.6084549572219426],
                        [3, 0.2873678912934072],
                        [2, 0.06089582284851535],
                        [0, 0.043281328636134875]
                    ],
                    "avg_total_probability_mass": 0.8004449637420958,
                    "primary_metric": "acc_raw",
                    "total_token_count": 3648764,
                    "max_token_count": 2049,
                    "acc": 0.37845998993457475
                }
            },
            "num_instances": 1987,
            "processing_time": 14077.932436943054,
            "model": "lm::pretrained=WhiteRabbitNeo/WhiteRabbitNeo-33B-v1.5"
        }
    ]
}
