{
    "metrics": [
        {
            "task": "wmdp_mc_cyber_std",
            "task_options": {
                "split": "test",
                "batch_size": 32,
                "max_batch_tokens": 8192,
                "model_max_length": 2048,
                "num_recorded_inputs": 3,
                "limit": "None",
                "num_shots": 0,
                "unconditioned_prompt": "Answer:"
            },
            "model_kwargs": { "revision": "None", "trust_remote_code": false },
            "metrics": {
                "rc_metrics": {
                    "acc_raw": 0.38298943130347257,
                    "predicted_indices_raw": [
                        [2, 0.3739305485656769],
                        [0, 0.3598389531957725],
                        [3, 0.1545042778057373],
                        [1, 0.11172622043281329]
                    ],
                    "acc_per_token": 0.38298943130347257,
                    "predicted_indices_per_token": [
                        [2, 0.3739305485656769],
                        [0, 0.3598389531957725],
                        [3, 0.1545042778057373],
                        [1, 0.11172622043281329]
                    ],
                    "acc_per_char": 0.38298943130347257,
                    "predicted_indices_per_char": [
                        [2, 0.3739305485656769],
                        [0, 0.3598389531957725],
                        [3, 0.1545042778057373],
                        [1, 0.11172622043281329]
                    ],
                    "acc_uncond": 0.3492702566683442,
                    "predicted_indices_uncond": [
                        [3, 0.5817815802717665],
                        [1, 0.3291394061399094],
                        [2, 0.058882737795671866],
                        [0, 0.03019627579265224]
                    ],
                    "avg_total_probability_mass": 0.7401997749753993,
                    "primary_metric": "acc_raw",
                    "total_token_count": 3648764,
                    "max_token_count": 2049,
                    "acc": 0.38298943130347257
                }
            },
            "num_instances": 1987,
            "processing_time": 14085.263055086136,
            "model": "lm::pretrained=WhiteRabbitNeo/WhiteRabbitNeo-33B-v1"
        }
    ]
}
